2025-01-14 15:43:06,26,52,19.29
2025-01-14 15:43:09,26,52,19.27
2025-01-14 15:43:12,26,52,18.45
2025-01-14 15:43:15,26,52,18.45
2025-01-14 15:43:18,26,52,18.45
2025-01-14 15:43:21,26,52,18.45
2025-01-14 15:43:25,26,52,18.45
2025-01-14 15:43:28,26,52,18.44
2025-01-14 15:43:31,26,52,17.64
2025-01-14 15:43:34,26,52,17.64
2025-01-14 15:43:37,26,52,17.64
2025-01-14 15:43:40,26,51,17.74
2025-01-14 15:43:43,26,51,17.74
2025-01-14 15:43:46,26,51,17.73
2025-01-14 15:43:59,26,51,16.95
2025-01-14 15:44:02,26,51,16.95
2025-01-14 15:50:42,27,50,14.08
2025-01-14 15:50:45,27,50,14.08
2025-01-14 15:50:48,27,50,14.08
2025-01-14 15:50:51,27,50,14.08
2025-01-14 15:50:54,27,50,14.08
2025-01-14 15:50:57,27,50,13.42
2025-01-14 15:52:18,27,50,13.41
2025-01-14 15:52:21,27,50,13.41
2025-01-14 15:52:25,27,50,13.41
2025-01-14 15:52:28,27,50,13.41
2025-01-14 15:52:31,27,50,13.41
2025-01-14 15:52:34,27,50,13.41
2025-01-14 15:52:37,27,50,13.41
2025-01-14 15:52:40,27,50,13.41
2025-01-14 15:52:43,27,50,13.41
2025-01-14 15:52:46,27,50,13.41
2025-01-14 15:52:49,27,50,13.41
2025-01-14 15:52:52,27,50,13.41
2025-01-14 15:52:55,27,50,13.41
2025-01-14 15:52:58,27,50,13.41
2025-01-14 15:53:08,27,50,13.41
2025-01-14 15:53:11,27,50,13.41
2025-01-14 15:53:14,27,50,13.41
2025-01-14 15:53:17,27,50,13.41
2025-01-14 15:53:20,27,50,13.41
2025-01-14 15:53:23,27,50,13.41
2025-01-14 15:53:26,27,50,13.41
2025-01-14 15:53:29,27,50,13.41
2025-01-14 15:53:32,27,50,13.41
2025-01-14 15:53:36,27,50,13.41
2025-01-14 15:53:39,27,50,13.41
2025-01-14 15:53:42,27,50,13.41
2025-01-14 15:53:45,27,50,13.39
2025-01-14 15:53:48,27,49,13.47
2025-01-14 15:53:51,27,49,13.48
2025-01-14 15:53:54,27,49,13.47
2025-01-14 15:53:57,27,49,13.48
2025-01-14 15:54:00,27,49,13.48
2025-01-14 15:54:03,27,49,13.47
2025-01-14 15:54:06,27,49,13.47
2025-01-14 15:54:10,27,49,13.47
2025-01-14 15:54:13,27,49,13.47
2025-01-14 15:54:16,27,49,13.47
2025-01-14 15:54:19,27,49,13.47
2025-01-14 15:54:22,27,49,13.47
2025-01-14 15:54:25,27,49,13.47
2025-01-14 15:54:28,27,49,13.47
2025-01-14 15:54:31,27,49,13.47
2025-01-14 15:54:34,27,49,13.47
2025-01-14 15:54:37,27,49,13.47
2025-01-14 15:54:40,27,49,13.47
2025-01-14 15:54:43,27,49,13.47
2025-01-14 15:54:47,27,49,12.83
2025-01-14 15:54:50,27,49,13.47
2025-01-14 15:54:53,27,49,13.47
2025-01-14 15:54:56,27,49,13.47
2025-01-14 15:54:59,27,49,12.83
2025-01-14 15:55:02,27,49,13.47
2025-01-14 15:55:05,27,49,13.47
2025-01-14 15:55:08,27,49,13.47
2025-01-14 15:55:11,27,49,13.47
2025-01-14 15:55:14,27,49,13.47
2025-01-14 15:55:17,27,49,13.47
2025-01-14 15:55:21,27,49,13.47
2025-01-14 15:55:24,27,49,13.47
2025-01-14 15:55:27,27,49,13.47
2025-01-14 15:55:30,27,49,13.47
2025-01-14 15:55:33,27,49,12.83
2025-01-14 15:55:36,27,49,12.83
2025-01-14 15:55:39,27,49,13.47
2025-01-14 15:55:42,27,49,12.83
2025-01-14 15:55:45,27,49,13.47
2025-01-14 15:55:48,27,49,12.83
2025-01-14 15:55:51,27,49,13.47
2025-01-14 15:55:54,27,49,12.83
2025-01-14 15:55:58,27,49,13.47
2025-01-14 15:56:01,27,49,12.83
2025-01-14 15:56:04,27,49,12.83
2025-01-14 15:56:07,27,49,12.83
2025-01-14 15:56:10,27,49,13.47
2025-01-14 15:56:13,27,49,12.83
2025-01-14 15:56:16,27,49,12.83
2025-01-14 15:56:19,27,49,12.83
2025-01-14 15:56:22,27,49,12.83
2025-01-14 15:56:25,27,49,13.47
2025-01-14 15:56:28,27,49,13.47
2025-01-14 15:56:32,27,49,12.83
2025-01-14 15:56:35,27,49,13.47
2025-01-14 15:56:38,27,49,13.46
2025-01-14 15:56:41,27,49,13.46
2025-01-14 15:56:44,27,49,13.46
2025-01-14 15:56:47,27,49,13.46
2025-01-14 15:56:50,27,49,13.46
2025-01-14 15:56:53,27,49,13.46
2025-01-14 15:56:56,27,49,13.46
2025-01-14 15:56:59,27,49,12.82
2025-01-14 15:57:02,27,49,13.46
2025-01-14 15:57:05,27,49,13.46
2025-01-14 15:57:09,27,49,13.46
2025-01-14 15:57:12,27,49,12.82
2025-01-14 15:57:15,27,49,12.82
2025-01-14 15:57:18,27,49,13.46
2025-01-14 15:57:21,27,49,13.46
2025-01-14 15:57:24,27,49,12.82
2025-01-14 15:57:27,27,49,13.46
2025-01-14 15:57:30,27,49,13.46
2025-01-14 15:57:33,27,49,13.46
2025-01-14 15:57:36,27,49,13.46
2025-01-14 15:57:39,27,49,12.82
2025-01-14 15:57:43,27,49,12.82
2025-01-14 15:57:46,27,49,12.82
2025-01-14 15:57:49,27,49,12.82
2025-01-14 15:57:52,27,49,13.46
2025-01-14 15:57:55,27,49,13.46
2025-01-14 15:57:58,27,49,13.46
2025-01-14 15:58:01,27,49,12.82
2025-01-14 15:58:04,27,49,13.46
2025-01-14 15:58:07,27,49,13.46
2025-01-14 15:58:10,27,49,13.46
2025-01-14 15:58:13,27,49,12.82
2025-01-14 15:58:17,27,49,13.46
2025-01-14 15:58:20,27,49,12.82
2025-01-14 15:58:23,27,49,12.82
2025-01-14 15:58:26,27,49,12.82
2025-01-14 15:58:29,27,49,12.82
2025-01-14 15:58:32,27,49,12.82
2025-01-14 15:58:35,27,49,13.46
2025-01-14 15:58:38,27,49,13.46
2025-01-14 15:58:41,27,49,12.82
2025-01-14 15:58:44,27,49,13.46
2025-01-14 15:58:47,27,49,12.82
2025-01-14 15:58:50,27,49,13.46
2025-01-14 15:58:54,27,49,13.46
2025-01-14 15:58:57,27,49,13.46
2025-01-14 15:59:00,27,49,13.46
2025-01-14 15:59:03,27,49,12.82
2025-01-14 15:59:06,27,49,12.82
2025-01-14 15:59:09,27,49,12.82
2025-01-14 15:59:12,27,49,12.82
2025-01-14 15:59:15,27,49,12.82
2025-01-14 15:59:18,27,49,13.46
2025-01-14 15:59:21,27,49,13.46
2025-01-14 15:59:24,27,49,12.82
2025-01-14 15:59:28,27,49,12.82
2025-01-14 15:59:31,27,49,13.46
2025-01-14 15:59:34,27,49,12.82
2025-01-14 15:59:37,27,49,12.82
2025-01-14 15:59:40,27,49,12.82
2025-01-14 15:59:43,27,49,12.82
2025-01-14 15:59:46,27,49,13.46
2025-01-14 15:59:49,27,49,13.46
2025-01-14 15:59:52,27,49,12.82
2025-01-14 15:59:55,27,49,12.82
2025-01-14 15:59:58,27,49,12.82
2025-01-14 16:00:01,27,49,12.82
2025-01-14 16:00:05,27,49,13.46
2025-01-14 16:00:08,27,49,12.82
2025-01-14 16:00:11,27,49,13.46
2025-01-14 16:00:14,27,49,13.46
2025-01-14 16:00:17,27,49,12.82
2025-01-14 16:00:20,27,49,13.46
2025-01-14 16:00:23,27,49,13.46
2025-01-14 16:00:26,27,49,13.46
2025-01-14 16:00:29,27,49,12.82
2025-01-14 16:00:32,27,49,13.46
2025-01-14 16:00:35,27,49,13.46
2025-01-14 16:00:39,27,49,13.46
2025-01-14 16:00:42,27,49,13.46
2025-01-14 16:00:45,27,49,12.82
2025-01-14 16:00:48,27,49,12.82
2025-01-14 16:00:51,27,49,12.82
2025-01-14 16:00:54,27,49,12.82
2025-01-14 16:00:57,27,49,12.82
2025-01-14 16:01:00,27,49,12.82
2025-01-14 16:01:03,27,49,12.82
2025-01-14 16:01:06,27,49,12.8
2025-01-14 16:01:09,27,49,12.82
2025-01-14 16:01:13,27,49,12.8
2025-01-14 16:01:16,27,49,12.8
2025-01-14 16:01:19,27,49,13.44
2025-01-14 16:01:22,27,49,12.8
2025-01-14 16:01:25,27,49,12.8
2025-01-14 16:01:28,27,49,12.8
2025-01-14 16:01:31,27,49,12.8
2025-01-14 16:01:34,27,49,12.8
2025-01-14 16:01:37,27,49,12.8
2025-01-14 16:01:40,27,49,12.8
2025-01-14 16:01:43,27,49,12.8
2025-01-14 16:01:46,27,49,12.8
2025-01-14 16:01:50,27,49,13.44
2025-01-14 16:01:53,27,49,12.8
2025-01-14 16:01:56,27,49,13.44
2025-01-14 16:01:59,27,49,12.8
2025-01-14 16:02:02,27,49,12.8
2025-01-14 16:02:05,27,49,12.8
2025-01-14 16:02:08,27,49,12.8
2025-01-14 16:02:11,27,49,13.44
2025-01-14 16:02:14,27,49,12.8
2025-01-14 16:02:17,27,49,12.8
2025-01-14 16:02:20,27,49,12.8
2025-01-14 16:02:24,27,49,13.44
2025-01-14 16:02:27,27,49,12.8
2025-01-14 16:02:30,27,49,13.44
2025-01-14 16:02:33,27,49,12.8
2025-01-14 16:02:36,27,49,12.8
2025-01-14 16:02:39,27,49,12.8
2025-01-14 16:02:42,27,49,12.8
2025-01-14 16:02:45,27,49,12.8
2025-01-14 16:02:48,27,49,12.82
2025-01-14 16:02:51,27,49,12.82
2025-01-14 16:02:54,27,49,12.82
2025-01-14 16:02:57,27,49,12.82
2025-01-14 16:03:01,27,49,12.82
2025-01-14 16:03:04,27,49,12.82
2025-01-14 16:03:07,27,49,12.82
2025-01-14 16:03:10,27,49,12.82
2025-01-14 16:03:13,27,49,12.82
2025-01-14 16:03:16,27,49,12.82
2025-01-14 16:03:19,27,49,12.82
2025-01-14 16:03:22,27,49,12.82
2025-01-14 16:03:25,27,49,13.46
2025-01-14 16:03:28,27,49,12.82
2025-01-14 16:03:31,27,49,12.82
2025-01-14 16:03:35,27,49,12.82
2025-01-14 16:03:38,27,49,12.82
2025-01-14 16:03:41,27,49,12.82
2025-01-14 16:03:44,27,49,12.82
2025-01-14 16:03:47,27,49,12.82
2025-01-14 16:03:50,27,49,12.82
2025-01-14 16:03:53,27,49,12.82
2025-01-14 16:03:56,27,49,12.82
2025-01-14 16:03:59,27,49,12.82
2025-01-14 16:04:02,27,49,12.82
2025-01-14 16:04:05,27,49,12.82
2025-01-14 16:04:08,27,49,12.8
2025-01-14 16:04:12,27,49,12.82
2025-01-14 16:04:15,27,49,12.82
2025-01-14 16:04:18,27,49,12.82
2025-01-14 16:04:21,27,49,12.82
2025-01-14 16:04:24,27,49,12.82
2025-01-14 16:04:27,27,49,12.82
2025-01-14 16:04:30,27,49,12.8
2025-01-14 16:04:33,27,49,13.46
2025-01-14 16:04:36,27,49,12.8
2025-01-14 16:04:39,27,49,12.8
2025-01-14 16:04:42,27,49,12.82
2025-01-14 16:04:46,27,49,12.82
2025-01-14 16:04:49,27,49,12.8
2025-01-14 16:04:52,27,49,12.82
2025-01-14 16:04:55,27,49,12.82
2025-01-14 16:04:58,27,49,12.82
2025-01-14 16:05:01,27,49,12.82
2025-01-14 16:05:04,27,49,12.82
2025-01-14 16:05:07,27,49,12.82
2025-01-14 16:05:10,27,49,12.82
2025-01-14 16:05:13,27,49,12.82
2025-01-14 16:05:16,27,49,12.82
2025-01-14 16:05:19,27,49,12.82
2025-01-14 16:05:23,27,49,12.82
2025-01-14 16:05:26,27,49,12.82
2025-01-14 16:05:29,27,49,12.82
2025-01-14 16:05:32,27,49,12.82
2025-01-14 16:05:35,27,49,12.82
2025-01-14 16:05:38,27,49,12.82
2025-01-14 16:05:41,27,49,12.82
2025-01-14 16:05:44,27,49,12.82
2025-01-14 16:05:47,27,49,12.82
2025-01-14 16:05:50,27,49,12.82
2025-01-14 16:05:53,27,49,12.82
2025-01-14 16:05:57,27,49,12.82
2025-01-14 16:06:00,27,49,12.82
2025-01-14 16:06:03,27,49,12.82
2025-01-14 16:06:06,27,49,12.82
2025-01-14 16:06:09,27,49,12.82
2025-01-14 16:06:12,27,49,12.82
2025-01-14 16:06:15,27,49,12.82
2025-01-14 16:06:18,27,49,12.82
2025-01-14 16:06:21,27,49,12.82
2025-01-14 16:06:24,27,49,12.82
2025-01-14 16:06:27,27,49,12.82
2025-01-14 16:06:31,27,49,12.82
2025-01-14 16:06:34,27,49,12.82
2025-01-14 16:06:37,27,49,12.82
2025-01-14 16:06:40,27,49,12.82
2025-01-14 16:06:43,27,49,12.82
2025-01-14 16:06:46,27,49,12.82
2025-01-14 16:06:49,27,49,12.82
2025-01-14 16:06:52,27,49,12.82
2025-01-14 16:06:55,27,49,12.82
2025-01-14 16:06:58,27,49,12.82
2025-01-14 16:07:01,27,49,12.82
2025-01-14 16:07:04,27,49,12.82
2025-01-14 16:07:08,27,49,12.82
2025-01-14 16:07:11,27,49,12.82
2025-01-14 16:07:14,27,49,12.82
2025-01-14 16:07:17,27,49,12.82
2025-01-14 16:07:20,27,49,12.82
2025-01-14 16:07:23,27,49,12.82
2025-01-14 16:07:26,27,49,12.82
2025-01-14 16:07:29,27,49,12.82
2025-01-14 16:07:32,27,49,12.82
2025-01-14 16:07:35,27,49,12.82
2025-01-14 16:07:38,27,49,12.82
2025-01-14 16:07:42,27,49,12.82
2025-01-14 16:07:45,27,49,12.82
2025-01-14 16:07:48,27,49,12.82
2025-01-14 16:07:51,27,49,12.82
2025-01-14 16:07:54,27,49,12.82
2025-01-14 16:07:57,27,49,12.82
2025-01-14 16:08:00,27,49,12.82
2025-01-14 16:08:03,27,49,12.82
2025-01-14 16:08:06,27,49,12.82
2025-01-14 16:08:09,27,49,12.82
2025-01-14 16:08:12,27,49,12.82
2025-01-14 16:08:16,27,49,12.82
2025-01-14 16:08:19,27,49,12.82
2025-01-14 16:08:22,27,49,12.82
2025-01-14 16:08:25,27,49,12.82
2025-01-14 16:08:28,27,49,12.82
2025-01-14 16:08:31,27,49,12.82
2025-01-14 16:08:34,27,49,12.82
2025-01-14 16:08:37,27,49,12.82
2025-01-14 16:08:40,27,49,12.82
2025-01-14 16:08:43,27,49,12.82
2025-01-14 16:08:46,27,49,12.82
2025-01-14 16:08:49,27,49,12.82
2025-01-14 16:08:53,27,49,13.46
2025-01-14 16:08:56,27,49,12.82
2025-01-14 16:08:59,27,49,12.82
2025-01-14 16:09:02,27,49,12.82
2025-01-14 16:09:05,27,49,12.82
2025-01-14 16:09:08,27,49,12.82
2025-01-14 16:09:11,27,49,12.82
2025-01-14 16:09:14,27,49,12.82
2025-01-14 16:09:17,27,49,12.82
2025-01-14 16:09:20,27,49,12.82
2025-01-14 16:09:23,27,49,12.82
2025-01-14 16:09:27,27,49,12.82
2025-01-14 16:09:30,27,49,12.82
2025-01-14 16:09:33,27,49,12.82
2025-01-14 16:09:36,27,49,12.82
2025-01-14 16:09:39,27,49,12.82
2025-01-14 16:09:42,27,49,12.82
2025-01-14 16:09:45,27,49,12.82
2025-01-14 16:09:48,27,49,12.82
2025-01-14 16:09:51,27,49,12.82
2025-01-14 16:09:54,27,49,13.46
2025-01-14 16:09:57,27,49,12.82
2025-01-14 16:10:00,27,49,12.82
2025-01-14 16:10:04,27,49,12.82
2025-01-14 16:10:07,27,49,12.82
2025-01-14 16:10:10,27,49,12.82
2025-01-14 16:10:13,27,49,12.82
2025-01-14 16:10:16,27,49,12.82
2025-01-14 16:10:19,27,49,12.82
2025-01-14 16:10:22,27,49,12.82
2025-01-14 16:10:25,27,49,12.82
2025-01-14 16:10:28,27,49,12.82
2025-01-14 16:10:31,27,49,12.82
2025-01-14 16:10:34,27,49,12.82
2025-01-14 16:10:38,27,49,13.46
2025-01-14 16:10:41,27,49,12.82
2025-01-14 16:10:44,27,49,12.82
2025-01-14 16:10:47,27,49,13.46
2025-01-14 16:10:50,27,49,12.82
2025-01-14 16:10:53,27,49,12.82
2025-01-14 16:10:56,27,49,12.82
2025-01-14 16:10:59,27,49,12.82
2025-01-14 16:11:02,27,49,12.82
2025-01-14 16:11:05,27,49,12.82
2025-01-18 21:58:22,28,21,260
2025-01-18 21:58:22,11,3,440
2025-01-18 21:58:23,19,20,77
2025-01-18 21:58:23,4,7,441
2025-01-18 21:58:23,31,96,287
2025-01-18 21:58:23,19,20,205
2025-01-18 21:58:23,7,2,157
2025-01-18 21:58:23,7,40,443
2025-01-18 21:58:24,0,79,256
2025-01-18 21:58:24,6,34,374
2025-01-18 21:58:24,20,46,481
2025-01-18 21:58:24,2,82,158
2025-01-18 21:58:24,18,2,140
2025-01-18 21:58:25,29,4,1952025-01-21 00:15:27,6,2,333
2025-01-21 00:15:28,0,78,245
2025-01-21 00:15:29,12,91,106
2025-01-21 00:15:30,24,35,145
2025-01-21 00:15:31,7,29,244
2025-01-21 00:15:31,10,81,488
2025-01-21 00:15:32,33,42,44
2025-01-21 00:15:32,23,21,10
2025-01-21 00:15:33,1,69,150
2025-01-21 00:15:33,17,60,171
2025-01-21 00:15:34,4,34,15
2025-01-21 00:15:34,31,45,204
2025-01-21 00:15:35,12,20,377
2025-01-21 00:15:35,12,81,156
2025-01-21 00:15:36,9,82,224
2025-01-21 00:15:36,7,6,487
2025-01-21 00:15:37,3,52,170
2025-01-21 00:15:37,9,35,190
2025-01-21 00:15:38,0,74,242
2025-01-21 00:15:38,2,33,58
2025-01-21 00:15:39,6,97,312
2025-01-21 00:15:39,11,95,367
2025-01-21 00:15:40,26,56,168
2025-01-21 00:15:40,13,94,222
2025-01-21 00:15:41,28,19,175
2025-01-21 00:15:41,25,47,337
2025-01-21 00:15:42,1,92,164
2025-01-21 00:15:42,3,78,390
2025-01-21 00:15:43,27,41,242
2025-01-21 00:15:43,5,8,137
2025-01-21 00:15:44,28,85,0
2025-01-21 00:15:44,25,98,151
2025-01-21 00:15:45,29,45,14
2025-01-21 00:15:45,0,28,75
2025-01-21 00:15:46,19,22,147
2025-01-21 00:15:46,23,79,60
2025-01-21 00:15:47,32,90,146
2025-01-21 00:15:47,12,3,36
2025-01-21 00:15:48,19,46,16
2025-01-21 00:15:48,26,65,60
2025-01-21 00:15:49,28,87,319
2025-01-21 00:15:49,1,89,151
2025-01-21 00:15:50,26,58,189
2025-01-21 00:15:50,13,5,9
2025-01-21 00:15:51,9,28,171
2025-01-21 00:15:51,11,13,115
2025-01-21 00:15:52,1,3,313
2025-01-21 00:15:52,4,32,287
2025-01-21 00:15:53,17,50,89
2025-01-21 00:15:53,24,87,377
2025-01-21 00:15:54,18,44,272
2025-01-21 00:15:54,1,72,113
2025-01-21 00:15:55,10,58,23
2025-01-21 00:15:55,10,99,341
2025-01-21 00:15:56,4,35,44
2025-01-21 00:15:56,29,87,477
2025-01-21 00:15:57,15,22,151
2025-01-21 00:15:57,31,33,54
2025-01-21 00:15:58,26,50,266
2025-01-21 00:15:58,25,97,161
2025-01-21 00:15:59,7,26,99
2025-01-21 00:15:59,18,49,163
2025-01-21 00:16:00,15,75,126
2025-01-21 00:16:00,11,33,85
2025-01-21 00:16:01,16,23,7
2025-01-21 00:16:01,21,36,196
2025-01-21 00:16:02,14,18,424
2025-01-21 00:16:02,0,8,185
2025-01-21 00:16:03,1,26,202
2025-01-21 00:16:03,23,19,355
2025-01-21 00:16:04,21,78,158
2025-01-21 00:16:04,22,78,311
2025-01-21 00:16:05,9,80,236
2025-01-21 00:16:05,27,17,360
2025-01-21 00:16:06,8,100,434
2025-01-21 00:16:06,16,29,194
2025-01-21 00:16:07,25,23,183
2025-01-21 00:16:07,3,77,98
2025-01-21 00:16:08,28,34,134
2025-01-21 00:16:08,26,12,435
2025-01-21 00:16:09,13,51,114
2025-01-21 00:16:09,0,68,14
2025-01-21 00:16:10,12,90,99
2025-01-21 00:16:10,6,23,291
2025-01-21 00:16:11,27,73,483
2025-01-21 00:16:11,4,100,182
2025-01-21 00:16:12,19,33,498
2025-01-21 00:16:12,32,53,11
2025-01-21 00:16:13,7,46,192
2025-01-21 00:16:13,33,73,483
2025-01-21 00:16:14,30,65,213
2025-01-21 00:16:14,0,78,107
2025-01-21 00:16:15,2,88,255
2025-01-21 00:16:15,14,18,40
2025-01-21 00:16:16,11,99,402
2025-01-21 00:16:16,24,39,293
2025-01-21 00:16:17,1,12,381
2025-01-21 00:16:17,12,57,240
2025-01-21 00:16:18,22,90,0
2025-01-21 00:16:18,33,7,496
2025-01-21 00:16:19,31,19,241
2025-01-21 00:16:19,29,46,116
2025-01-21 00:16:20,3,83,326
2025-01-21 00:16:20,4,24,142
2025-01-21 00:16:21,10,22,382
2025-01-21 00:16:21,12,73,211
2025-01-21 00:16:22,10,28,11
2025-01-21 00:16:22,28,69,425
2025-01-21 00:16:23,16,88,432
2025-01-21 00:16:23,17,40,200
2025-01-21 00:16:24,24,59,420
2025-01-21 00:16:25,31,9,0
2025-01-21 00:16:25,0,36,254
2025-01-21 00:16:26,9,83,427
2025-01-21 00:16:26,22,27,122
2025-01-21 00:16:27,22,93,81
2025-01-21 00:16:27,14,18,404
2025-01-21 00:16:28,24,82,410
2025-01-21 00:16:28,9,82,248
2025-01-21 00:16:29,6,49,295
2025-01-21 00:16:29,0,75,403
2025-01-21 00:16:30,24,41,293
2025-01-21 00:16:30,23,2,418
2025-01-21 00:16:31,21,35,170
2025-01-21 00:16:31,0,54,192
2025-01-21 00:16:32,10,74,28
2025-01-21 00:16:32,7,96,276
2025-01-21 00:16:33,7,40,123
2025-01-21 00:16:33,26,14,31
2025-01-21 00:16:34,0,16,302
2025-01-21 00:16:34,7,42,97
2025-01-21 00:16:35,28,56,337
2025-01-21 00:16:35,15,22,123
2025-01-21 00:16:36,5,5,257
2025-01-21 00:16:36,25,27,79
2025-01-21 00:16:37,15,3,489
2025-01-21 00:16:37,25,92,40
2025-01-21 00:16:38,12,34,220
2025-01-21 00:16:38,25,92,254
2025-01-21 00:16:39,15,59,331
2025-01-21 00:16:39,12,28,337
2025-01-21 00:16:40,12,88,144
2025-01-21 00:16:40,24,27,149
2025-01-21 00:16:41,8,33,143
2025-01-21 00:16:41,0,21,14
2025-01-21 00:16:42,17,17,381
2025-01-21 00:16:42,29,76,230
2025-01-21 00:16:43,22,48,82
2025-01-21 00:16:43,16,54,75
2025-01-21 00:16:44,17,85,296
2025-01-21 00:16:44,4,39,423
2025-01-21 00:16:45,20,99,398
2025-01-21 00:16:45,24,75,343
2025-01-21 00:16:46,12,21,98
2025-01-21 00:16:46,13,98,419
2025-01-21 00:16:47,24,96,22
2025-01-21 00:16:47,12,48,120
2025-01-21 00:16:48,0,38,483
2025-01-21 00:16:48,13,56,469
2025-01-21 00:16:49,22,49,96
2025-01-21 00:16:49,7,87,101
2025-01-21 00:16:50,4,24,148
2025-01-21 00:16:50,1,37,137
2025-01-21 00:16:51,23,62,218
2025-01-21 00:16:51,29,61,375
2025-01-21 00:16:52,13,31,339
2025-01-21 00:16:52,29,81,324
2025-01-21 00:16:53,4,97,155
2025-01-21 00:16:53,26,67,233
2025-01-21 00:16:54,25,2,303
2025-01-21 00:16:54,29,90,91
2025-01-21 00:16:55,17,0,288
2025-01-21 00:16:55,25,14,22
2025-01-21 00:16:56,8,3,446
2025-01-21 00:16:56,15,62,350
2025-01-21 00:16:57,27,11,281
2025-01-21 00:16:57,10,67,194
2025-01-21 00:16:58,5,68,73
2025-01-21 00:16:58,11,93,130
2025-01-21 00:16:59,10,48,170
2025-01-21 00:16:59,19,13,76
2025-01-21 00:17:00,10,49,278
2025-01-21 00:17:00,13,12,271
2025-01-21 00:17:01,10,83,224
2025-01-21 00:17:01,0,71,326
2025-01-21 00:17:02,6,14,58
2025-01-21 00:17:02,11,64,291
2025-01-21 00:17:03,3,92,496
2025-01-21 00:17:03,10,31,175
2025-01-21 00:17:04,14,24,157
2025-01-21 00:17:04,13,100,445
2025-01-21 00:17:05,19,92,433
2025-01-21 00:17:05,1,81,57
2025-01-21 00:20:11,8,88,113
2025-01-21 00:20:12,11,21,259
2025-01-21 00:20:13,16,100,20
2025-01-21 00:20:14,16,36,170
2025-01-21 00:20:15,28,31,154
2025-01-21 00:20:15,5,32,163
2025-01-21 00:20:16,26,60,474
2025-01-21 00:20:16,21,79,342
2025-01-21 00:20:17,0,87,43
2025-01-21 00:20:17,9,82,322
2025-01-21 00:20:18,21,41,144
2025-01-21 00:20:18,10,73,467
2025-01-21 00:20:19,13,9,48
2025-01-21 00:20:19,24,43,278
2025-01-21 00:20:20,20,97,340
2025-01-21 00:20:20,1,83,414
2025-01-21 00:20:21,2,91,151
2025-01-21 00:20:21,9,88,389
2025-01-21 00:20:22,4,64,132
2025-01-21 00:20:22,27,10,67
2025-01-21 00:20:23,26,95,362
2025-01-21 00:20:23,13,54,146
2025-01-21 00:20:24,21,96,230
2025-01-21 00:20:24,21,40,248
2025-01-21 00:20:25,26,88,383
2025-01-21 00:20:25,20,64,411
2025-01-21 00:20:26,24,43,6
2025-01-21 00:20:26,24,23,383
2025-01-21 00:20:27,31,62,215
2025-01-21 00:20:27,24,90,15
2025-01-21 00:20:28,12,58,25
2025-01-21 00:20:28,24,88,249
2025-01-21 00:20:29,15,1,12
2025-01-21 00:20:30,25,88,403
2025-01-21 00:20:30,12,91,173
2025-01-21 00:20:31,18,42,380
2025-01-21 00:20:31,17,16,301
2025-01-21 00:20:32,2,19,449
2025-01-21 00:20:32,23,67,167
2025-01-21 00:20:33,3,65,340
2025-01-21 00:20:33,10,60,152
2025-01-21 00:20:34,3,3,408
2025-01-21 00:20:34,7,25,76
2025-01-21 00:20:35,15,83,23
2025-01-21 00:20:35,19,4,59
2025-01-21 00:20:36,25,7,483
2025-01-21 00:20:36,19,58,340
2025-01-21 00:20:37,3,34,195
2025-01-21 00:25:26,0,9,179
2025-01-21 00:25:27,10,49,192
2025-01-21 00:25:28,17,3,340
2025-01-21 00:25:29,28,37,207
2025-01-21 00:25:31,18,51,362
2025-01-21 00:25:32,11,68,371
2025-01-21 00:25:32,29,31,417
2025-01-21 00:25:33,6,79,31
2025-01-21 00:25:33,19,29,297
2025-01-21 00:25:34,17,68,318
2025-01-21 00:25:34,6,19,274
2025-01-21 00:25:35,2,22,190
2025-01-21 00:25:35,11,70,227
2025-01-21 00:25:36,13,93,39
2025-01-21 00:25:36,30,11,97
2025-01-21 00:25:37,8,24,275
2025-01-21 00:25:37,18,3,381
2025-01-21 00:25:38,13,33,189
2025-01-21 00:25:38,29,93,146
2025-01-21 00:25:39,13,17,486
2025-01-21 00:25:39,14,58,433
2025-01-21 00:25:40,25,23,57
2025-01-21 00:25:40,23,37,252
2025-01-21 00:25:41,24,3,183
2025-01-21 00:25:41,12,12,455
2025-01-21 00:25:42,3,10,311
2025-01-21 00:25:42,16,5,77
2025-01-21 00:25:43,19,74,123
2025-01-21 00:25:43,15,67,168
2025-01-21 00:25:44,12,26,222
2025-01-21 00:25:44,0,59,49
2025-01-21 00:25:45,10,1,98
2025-01-21 00:25:45,26,57,287
2025-01-21 00:25:46,0,5,97
2025-01-21 00:25:46,1,13,249
2025-01-21 00:25:47,6,56,393
2025-01-21 00:25:47,23,28,142
2025-01-21 00:25:48,7,69,75
2025-01-21 00:25:48,3,95,295
2025-01-21 00:25:49,28,2,442
2025-01-21 00:25:49,11,56,215
2025-01-21 00:25:50,23,92,175
2025-01-21 00:25:50,16,69,300
2025-01-21 00:25:51,8,33,215
2025-01-21 00:25:51,23,83,417
2025-01-21 00:25:52,26,47,205
2025-01-21 00:25:52,22,57,398
2025-01-21 00:25:53,0,63,304
2025-01-21 00:25:53,30,73,149
2025-01-21 00:25:54,18,85,390
2025-01-21 00:25:54,28,36,96
2025-01-21 00:25:55,32,34,297
2025-01-21 00:25:55,30,25,308
2025-01-21 00:25:56,4,2,489
2025-01-21 00:25:56,19,39,236
2025-01-21 00:25:57,5,36,389
2025-01-21 00:25:57,27,30,410
2025-01-21 00:25:58,2,92,463
2025-01-21 00:25:58,10,30,324
2025-01-21 00:25:59,14,38,434
2025-01-21 00:25:59,5,90,52
2025-01-21 00:26:00,16,7,83
2025-01-21 00:26:00,27,66,335
2025-01-21 00:26:01,10,12,318
2025-01-21 00:26:01,14,89,125
2025-01-21 00:26:02,3,21,447
2025-01-21 00:26:02,15,20,143
2025-01-21 00:26:03,22,85,432
2025-01-21 00:26:03,2,8,396
2025-01-21 00:26:04,28,24,289
2025-01-21 00:26:04,20,17,232
2025-01-21 00:26:05,12,67,233
2025-01-21 00:26:05,17,21,50
2025-01-21 00:26:06,10,27,311
2025-01-21 00:26:06,20,62,349
2025-01-21 00:26:07,8,20,500
2025-01-21 00:26:07,13,1,268
2025-01-21 00:26:08,30,41,65
2025-01-21 00:26:08,10,9,311
2025-01-21 00:26:09,9,75,344
2025-01-21 00:26:09,4,97,331
2025-01-21 00:26:10,14,24,301
2025-01-21 00:26:10,5,34,393
2025-01-21 00:26:11,31,89,148
2025-01-21 00:26:11,25,43,415
2025-01-21 00:26:12,32,75,320
2025-01-21 00:26:12,24,2,456
2025-01-21 00:26:13,21,27,370
2025-01-21 00:26:13,12,72,476
2025-01-21 00:26:14,15,13,226
2025-01-21 00:26:14,31,94,337
2025-01-21 00:26:15,26,0,141
2025-01-21 00:26:15,33,83,151
2025-01-21 00:26:16,3,80,370
2025-01-21 00:26:16,19,56,425
2025-01-21 00:26:17,1,72,445
2025-01-21 00:26:17,32,79,157
2025-01-21 00:26:18,29,1,384
2025-01-21 00:26:18,13,92,348
2025-01-21 00:26:19,7,26,35
2025-01-21 00:26:19,3,32,442
2025-01-21 00:26:20,1,95,2
2025-01-21 00:26:20,23,76,463
2025-01-21 00:26:21,12,48,200
2025-01-21 00:26:21,4,37,242
2025-01-21 00:26:22,33,20,307
2025-01-21 00:26:22,4,9,228
2025-01-21 00:26:23,32,36,20
2025-01-21 00:26:23,9,28,128
2025-01-21 00:26:24,13,93,424
2025-01-21 00:26:24,3,67,468
2025-01-21 00:26:25,32,5,81
2025-01-21 00:26:25,6,94,240
2025-01-21 00:26:26,9,29,494
2025-01-21 00:26:26,2,65,55
2025-01-21 00:26:27,10,39,390
2025-01-21 00:26:27,32,40,355
2025-01-21 00:26:28,10,5,81
2025-01-21 00:26:28,28,23,33
2025-01-21 00:26:29,7,72,45
2025-01-21 00:26:29,1,89,49
2025-01-21 00:26:30,18,65,107
2025-01-21 00:26:30,26,56,289
2025-01-21 00:26:31,18,93,63
2025-01-21 00:26:31,27,68,286
2025-01-21 00:26:32,23,73,120
2025-01-21 00:26:32,8,41,341
2025-01-21 00:26:33,33,3,472
2025-01-21 00:26:33,29,60,425
2025-01-21 00:26:34,29,35,442
2025-01-21 00:26:34,12,56,256
2025-01-21 00:26:35,15,28,128
2025-01-21 00:26:35,22,10,28
2025-01-21 00:26:36,2,65,48
2025-01-21 00:26:36,28,35,357
2025-01-21 00:26:37,14,33,349
2025-01-21 00:26:37,14,67,68
2025-01-21 00:26:38,15,94,487
2025-01-21 00:26:38,9,94,352
2025-01-21 00:26:39,26,47,281
2025-01-21 00:26:39,14,59,357
2025-01-21 00:26:40,13,48,399
2025-01-21 00:26:40,28,81,66
2025-01-21 00:26:41,29,54,251
2025-01-21 00:26:41,6,50,36
2025-01-21 00:26:42,11,15,446
2025-01-21 00:26:42,7,39,194
2025-01-21 00:26:43,13,10,338
2025-01-21 00:26:43,11,75,154
2025-01-21 00:26:44,6,7,166
2025-01-21 00:26:44,3,89,0
2025-01-21 00:26:45,27,15,60
2025-01-21 00:26:45,5,95,494
2025-01-21 00:26:46,29,87,40
2025-01-21 00:26:46,27,82,80
2025-01-21 00:26:47,12,40,275
2025-01-21 00:26:47,21,18,449
2025-01-21 00:26:48,26,35,21
2025-01-21 00:26:48,27,32,279
2025-01-21 00:26:49,26,75,307
2025-01-21 00:26:49,4,4,435
2025-01-21 00:26:50,28,97,138
2025-01-21 00:26:50,19,16,17
2025-01-21 00:26:51,12,78,436
2025-01-21 00:26:51,24,50,344
2025-01-21 00:26:52,11,79,186
2025-01-21 00:26:52,0,2,58
2025-01-21 00:26:53,21,38,245
2025-01-21 00:26:53,26,49,204
2025-01-21 00:26:54,8,34,162
2025-01-21 00:26:54,6,43,30
2025-01-21 00:26:55,2,83,63
2025-01-21 00:26:55,30,72,106
2025-01-21 00:26:56,4,5,51
2025-01-21 00:26:57,14,76,403
2025-01-21 00:26:58,15,68,237
2025-01-21 00:26:59,29,41,37
2025-01-21 00:27:00,6,24,410
2025-01-21 00:27:01,27,68,219
2025-01-21 00:27:02,0,20,383
2025-01-21 00:27:02,5,52,260
2025-01-21 00:27:03,13,75,78
2025-01-21 00:27:03,14,31,420
2025-01-21 00:27:04,25,44,78
2025-01-21 00:27:05,10,24,299
2025-01-21 00:27:05,0,81,327
2025-01-21 00:27:06,24,0,0
2025-01-21 00:27:06,4,19,392
2025-01-21 00:27:07,17,72,125
2025-01-21 00:27:07,31,67,440
2025-01-21 00:27:08,26,13,216
2025-01-21 00:27:09,23,96,138
2025-01-21 00:27:09,5,97,54
2025-01-21 00:27:10,18,3,174
2025-01-21 00:27:10,23,81,127
2025-01-21 00:27:11,23,2,462
2025-01-21 00:27:11,17,76,28
2025-01-21 00:27:12,0,7,329
2025-01-21 00:27:12,15,25,462
2025-01-21 00:27:13,18,46,300
2025-01-21 00:27:13,10,72,152
2025-01-21 00:27:14,32,38,120
2025-01-21 00:27:14,17,84,490
2025-01-21 00:27:15,30,23,267
2025-01-21 00:27:15,9,41,433
2025-01-21 00:27:16,23,62,354
2025-01-21 00:27:16,26,42,190
2025-01-21 00:27:17,7,48,369
2025-01-21 00:27:17,14,81,159
2025-01-21 00:27:18,24,83,387
2025-01-21 00:27:18,19,92,496
2025-01-21 00:27:19,3,77,324
2025-01-21 00:27:19,6,10,358
2025-01-21 00:27:20,19,11,407
2025-01-21 00:27:20,7,55,353
2025-01-21 00:27:21,13,46,106
2025-01-21 00:27:21,18,2,322
2025-01-21 00:27:22,14,58,223
2025-01-21 00:27:22,8,59,170
2025-01-21 00:27:23,9,72,64
2025-01-21 00:27:23,32,13,231
2025-01-21 00:27:24,4,10,383
2025-01-21 00:27:24,28,35,330
2025-01-21 00:27:25,4,1,334
2025-01-21 00:27:25,7,87,386
2025-01-21 00:27:26,24,3,148
2025-01-21 00:27:26,5,98,420
2025-01-21 00:27:27,22,32,405
2025-01-21 00:27:27,20,28,1
2025-01-21 00:27:28,14,12,29
2025-01-21 00:27:28,25,98,279
2025-01-21 00:27:29,23,63,337
2025-01-21 00:27:29,26,78,44
2025-01-21 00:27:30,13,100,233
2025-01-21 00:27:30,1,14,438
2025-01-21 00:27:31,3,14,36
2025-01-21 00:27:31,7,18,28
2025-01-21 00:27:32,20,93,259
2025-01-21 00:27:32,25,93,398
2025-01-21 00:27:33,31,36,38
2025-01-21 00:27:33,20,80,170
2025-01-21 00:27:34,11,27,170
2025-01-21 00:27:34,19,39,385
2025-01-21 00:27:35,12,17,471
2025-01-21 00:27:35,10,20,27
2025-01-21 00:27:36,9,7,456
2025-01-21 00:27:36,17,83,398
2025-01-21 00:27:37,12,41,33
2025-01-21 00:27:37,15,0,165
2025-01-21 00:27:38,13,66,187
2025-01-21 00:27:38,33,46,107
2025-01-21 00:27:39,10,33,386
2025-01-21 00:27:39,27,24,26
2025-01-21 00:27:40,17,73,43
2025-01-21 00:27:40,11,95,262
2025-01-21 00:27:41,17,77,126
2025-01-21 00:27:41,6,97,112
2025-01-21 00:27:42,1,49,170
2025-01-21 00:27:42,4,28,462
2025-01-21 00:27:43,18,41,163
2025-01-21 00:27:43,29,54,276
2025-01-21 00:27:44,22,57,159
2025-01-21 00:27:44,12,8,49
2025-01-21 00:27:45,28,26,229
2025-01-21 00:27:45,16,36,52
2025-01-21 00:27:46,5,2,193
2025-01-21 00:27:46,21,62,221
2025-01-21 00:27:47,15,82,452
2025-01-21 00:27:47,11,26,455
2025-01-21 00:27:48,25,27,409
2025-01-21 00:27:48,21,15,80
2025-01-21 00:27:49,23,51,403
2025-01-21 00:27:49,26,28,93
2025-01-21 00:27:50,32,79,188
2025-01-21 00:27:50,29,98,350
2025-01-21 00:27:51,29,65,53
2025-01-21 00:27:51,1,75,41
2025-01-21 00:27:52,9,85,89
2025-01-21 00:27:52,19,94,351
2025-01-21 00:27:53,19,61,345
2025-01-21 00:27:53,16,87,481
2025-01-21 00:27:54,32,71,409
2025-01-21 00:27:54,9,49,156
2025-01-21 00:27:55,23,95,393
2025-01-21 00:27:55,25,1,169
2025-01-21 00:27:56,1,69,192
2025-01-21 00:27:56,25,12,259
2025-01-21 00:27:57,22,16,113
2025-01-21 00:27:57,14,19,12
2025-01-21 00:27:58,10,34,168
2025-01-21 00:27:58,22,76,335
2025-01-21 00:27:59,15,57,368
2025-01-21 00:27:59,15,90,355
2025-01-21 00:28:00,5,19,267
2025-01-21 00:28:00,10,40,65
2025-01-21 00:28:01,19,93,177
2025-01-21 00:28:01,13,28,250
2025-01-21 00:28:02,8,78,465
2025-01-21 00:28:02,24,91,208
2025-01-21 00:28:03,2,72,331
2025-01-21 00:28:03,25,5,183
2025-01-21 00:28:04,6,34,116
2025-01-21 00:28:04,12,98,284
2025-01-21 00:28:05,14,32,306
2025-01-21 00:28:05,17,74,10
2025-01-21 00:28:06,27,81,499
2025-01-21 00:28:06,17,70,493
2025-01-21 00:28:07,10,49,423
2025-01-21 00:28:07,16,59,419
2025-01-21 00:28:08,13,12,21
2025-01-21 00:28:08,5,1,474
2025-01-21 00:28:09,21,34,81
2025-01-21 00:28:09,21,53,209
2025-01-21 00:28:10,0,8,275
2025-01-21 00:28:10,6,14,468
2025-01-21 00:28:11,15,6,149
2025-01-21 00:28:11,19,3,449
2025-01-21 00:28:12,3,66,279
2025-01-21 00:28:12,26,59,327
2025-01-21 00:28:13,1,33,153
2025-01-21 00:28:14,20,15,22
2025-01-21 00:28:14,27,73,188
2025-01-21 00:28:15,25,72,210
2025-01-21 00:28:15,4,10,251
2025-01-21 00:28:16,21,79,491
2025-01-21 00:28:16,11,79,384
2025-01-21 00:28:17,5,16,266
2025-01-21 00:28:17,29,15,217
2025-01-21 00:28:18,17,94,140
2025-01-21 00:28:18,32,14,459
2025-01-21 00:28:19,33,2,45
2025-01-21 00:28:19,31,93,366
2025-01-21 00:28:20,7,7,430
2025-01-21 00:28:20,4,74,385
2025-01-21 00:28:21,22,55,423
2025-01-21 00:28:21,24,8,461
2025-01-21 00:28:22,30,29,1
2025-01-21 00:28:22,21,100,347
2025-01-21 00:28:23,15,29,366
2025-01-21 00:28:23,26,64,78
2025-01-21 00:28:24,14,16,467
2025-01-21 00:28:24,11,10,92
2025-01-21 00:28:25,32,70,396
2025-01-21 00:28:25,16,56,375
2025-01-21 00:28:26,18,26,261
2025-01-21 00:28:26,33,74,404
2025-01-21 00:28:27,19,96,214
2025-01-21 00:28:27,22,83,269
2025-01-21 00:28:28,25,77,460
2025-01-21 00:28:28,0,86,114
2025-01-21 00:28:29,29,47,17
2025-01-21 00:28:29,25,16,493
2025-01-21 00:28:30,14,54,426
2025-01-21 00:28:30,7,71,15
2025-01-21 00:28:31,5,17,200
2025-01-21 00:28:31,26,7,140
2025-01-21 00:28:32,27,81,90
2025-01-21 00:28:32,30,40,33
2025-01-21 00:28:33,19,35,418
2025-01-21 00:28:33,14,15,79
2025-01-21 00:28:34,25,8,14
2025-01-21 00:28:34,19,77,122
2025-01-21 00:28:35,8,67,180
2025-01-21 00:28:35,0,76,58
2025-01-21 00:28:36,27,4,484
2025-01-21 00:28:36,19,6,420
2025-01-21 00:28:37,31,20,383
2025-01-21 00:28:37,16,75,16
2025-01-21 00:28:38,18,5,210
2025-01-21 00:28:38,15,31,436
2025-01-21 00:28:39,12,81,489
2025-01-21 00:28:39,32,68,251
2025-01-21 00:28:40,21,80,19
2025-01-21 00:28:40,26,28,304
2025-01-21 00:28:41,11,74,223
2025-01-21 00:28:41,32,73,144
2025-01-21 00:28:42,29,57,46
2025-01-21 00:28:42,28,53,392
2025-01-21 00:28:43,2,35,230
2025-01-21 00:28:43,31,66,164
2025-01-21 00:28:44,11,46,242
2025-01-21 00:28:44,14,61,101
2025-01-21 00:28:45,18,68,192
2025-01-21 00:28:46,19,31,372
2025-01-21 00:28:46,8,25,229
2025-01-21 00:28:47,15,16,55
2025-01-21 00:28:47,21,39,225
2025-01-21 00:28:48,2,32,281
2025-01-21 00:28:48,27,62,130
2025-01-21 00:28:49,28,8,125
2025-01-21 00:28:49,20,23,259
2025-01-21 00:28:50,3,40,445
2025-01-21 00:28:50,11,94,213
2025-01-21 00:28:51,8,47,177
2025-01-21 00:28:51,6,67,432
2025-01-21 00:28:52,21,88,299
2025-01-21 00:28:52,19,99,333
2025-01-21 00:28:53,17,46,176
2025-01-21 00:28:53,20,75,265
2025-01-21 00:28:54,19,46,187
2025-01-21 00:28:54,20,26,167
2025-01-21 00:28:55,8,53,451
2025-01-21 00:28:55,9,72,440
2025-01-21 00:28:56,18,65,136
2025-01-21 00:28:56,22,56,82
2025-01-21 00:28:57,33,94,268
2025-01-21 00:28:57,1,91,156
2025-01-21 00:28:58,11,2,6
2025-01-21 00:28:58,18,99,251
2025-01-21 00:28:59,16,84,391
2025-01-21 00:28:59,31,13,260
2025-01-21 00:29:00,13,16,304
2025-01-21 00:29:00,8,47,263
2025-01-21 00:29:01,29,69,144
2025-01-21 00:29:01,16,49,306
2025-01-21 00:29:02,27,72,145
2025-01-21 00:29:02,21,82,371
2025-01-21 00:29:03,31,41,452
2025-01-21 00:29:03,16,59,179
2025-01-21 00:29:04,19,93,385
2025-01-21 00:29:04,0,97,9
2025-01-21 00:29:05,27,70,273
2025-01-21 00:29:05,15,1,405
2025-01-21 00:29:06,9,94,342
2025-01-21 00:29:06,20,93,251
2025-01-21 00:29:07,18,52,420
2025-01-21 00:29:07,29,40,183
2025-01-21 00:29:08,0,77,470
2025-01-21 00:29:08,20,83,399
2025-01-21 00:29:09,32,21,120
2025-01-21 00:29:09,10,86,50
2025-01-21 00:29:10,14,88,296
2025-01-21 00:29:10,33,4,351
2025-01-21 00:29:11,5,61,386
2025-01-21 00:29:11,7,84,158
2025-01-21 00:29:12,5,18,71
2025-01-21 00:29:12,29,91,449
2025-01-21 00:29:13,27,66,196
2025-01-21 00:29:13,26,22,485
2025-01-21 00:29:14,20,49,207
2025-01-21 00:29:14,17,47,314
2025-01-21 00:29:15,8,52,449
2025-01-21 00:29:15,12,68,190
2025-01-21 00:29:16,6,1,369
2025-01-21 00:29:16,10,19,201
2025-01-21 00:29:17,11,69,390
2025-01-21 00:29:17,13,2,175
2025-01-21 00:29:18,18,91,455
2025-01-21 00:29:18,19,56,460
2025-01-21 00:29:19,25,67,384
2025-01-21 00:29:19,19,59,74
2025-01-21 00:29:20,9,87,196
2025-01-21 00:29:20,12,76,211
2025-01-21 00:29:21,11,51,384
2025-01-21 00:29:21,0,63,372
2025-01-21 00:29:22,21,56,26
2025-01-21 00:29:22,26,1,386
2025-01-21 00:29:23,26,38,125
2025-01-21 00:29:23,3,12,425
2025-01-21 00:29:24,13,84,57
2025-01-21 00:29:24,32,99,276
2025-01-21 00:29:25,20,12,159
2025-01-21 00:29:25,15,7,267
2025-01-21 00:29:26,21,10,446
2025-01-21 00:29:26,6,72,281
2025-01-21 00:29:27,33,68,203
2025-01-21 00:29:27,32,6,216
2025-01-21 00:29:28,8,37,437
2025-01-21 00:29:28,15,51,1
2025-01-21 00:29:29,16,68,381
2025-01-21 00:29:30,7,6,47
2025-01-21 00:29:30,12,49,52
2025-01-21 00:29:31,9,7,325
2025-01-21 00:29:31,1,50,304
2025-01-21 00:29:32,26,57,464
2025-01-21 00:29:32,13,84,476
2025-01-21 00:29:33,16,64,157
2025-01-21 00:29:33,29,25,211
2025-01-21 00:29:34,24,11,34
2025-01-21 00:29:34,8,92,299
2025-01-21 00:29:35,5,90,467
2025-01-21 00:29:35,7,93,329
2025-01-21 00:29:36,29,71,366
2025-01-21 00:29:36,15,93,169
2025-01-21 00:29:37,24,84,157
2025-01-21 00:29:37,33,43,493
2025-01-21 00:29:38,30,84,469
2025-01-21 00:29:38,2,39,400
2025-01-21 00:29:39,23,81,161
2025-01-21 00:29:39,29,60,185
2025-01-21 00:29:40,23,65,242
2025-01-21 00:29:40,20,32,485
2025-01-21 00:29:41,27,90,442
2025-01-21 00:29:41,8,78,178
2025-01-21 00:29:42,21,1,422
2025-01-21 00:29:42,21,51,22
2025-01-21 00:29:43,24,20,145
2025-01-21 00:29:43,33,35,218
2025-01-21 00:29:44,31,49,196
2025-01-21 00:29:44,4,27,457
2025-01-21 00:29:45,11,43,86
2025-01-21 00:29:45,1,82,249
2025-01-21 00:29:46,32,73,28
2025-01-21 00:29:46,14,92,50
2025-01-21 00:29:47,0,37,477
2025-01-21 00:29:47,26,99,340
2025-01-21 00:29:48,21,65,189
2025-01-21 00:29:48,3,17,216
2025-01-21 00:29:49,16,3,175
2025-01-21 00:29:49,29,79,326
2025-01-21 00:29:50,7,18,216
2025-01-21 00:29:50,24,97,388
2025-01-21 00:29:51,17,62,171
2025-01-21 00:29:51,26,95,186
2025-01-21 00:29:52,27,18,302
2025-01-21 00:29:52,19,78,451
2025-01-21 00:29:53,23,18,201
2025-01-21 00:29:53,2,48,218
2025-01-21 00:29:54,3,13,7
2025-01-21 00:29:54,29,82,475
2025-01-21 00:29:55,14,15,150
2025-01-21 00:29:55,20,18,6
2025-01-21 00:29:56,11,58,42
2025-01-21 00:29:56,20,90,388
2025-01-21 00:29:57,28,16,102
2025-01-21 00:29:57,33,74,417
2025-01-21 00:29:58,15,85,80
2025-01-21 00:29:58,6,100,63
2025-01-21 00:29:59,6,54,201
2025-01-21 00:29:59,32,64,159
2025-01-21 00:30:00,24,19,432
2025-01-21 00:30:00,27,68,211
2025-01-21 00:30:01,1,5,77
2025-01-21 00:30:01,3,96,167
2025-01-21 00:30:02,26,24,176
2025-01-21 00:30:02,32,13,188
2025-01-21 00:30:03,31,62,233
2025-01-21 00:30:03,27,84,171
2025-01-21 00:30:04,13,52,402
2025-01-21 00:30:04,32,51,161
2025-01-21 00:30:05,21,2,300
2025-01-21 00:30:05,26,85,276
2025-01-21 00:30:06,14,86,259
2025-01-21 00:30:06,24,26,252
2025-01-21 00:30:07,19,81,299
2025-01-21 00:30:07,26,23,382
2025-01-21 00:30:08,21,6,389
2025-01-21 00:30:08,10,44,414
2025-01-21 00:30:09,30,64,491
2025-01-21 00:30:10,21,26,54
2025-01-21 00:30:10,6,71,43
2025-01-21 00:30:11,13,91,276
2025-01-21 00:30:11,23,68,379
2025-01-21 00:30:12,15,72,300
2025-01-21 00:30:12,21,54,244
2025-01-21 00:30:13,31,91,193
2025-01-21 00:30:13,29,37,375
2025-01-21 00:30:14,29,37,314
2025-01-21 00:30:14,10,96,85
2025-01-21 00:30:15,28,52,352
2025-01-21 00:30:15,9,58,285
2025-01-21 00:30:16,16,25,341
2025-01-21 00:30:16,20,0,20
2025-01-21 00:30:17,33,31,414
2025-01-21 00:30:17,14,48,20
2025-01-21 00:30:18,15,37,319
2025-01-21 00:30:18,28,39,48
2025-01-21 00:30:19,17,15,131
2025-01-21 00:30:19,20,85,423
2025-01-21 00:30:20,0,98,388
2025-01-21 00:30:20,32,69,250
2025-01-21 00:30:21,23,67,409
2025-01-21 00:30:21,6,93,408
2025-01-21 00:30:22,13,3,300
2025-01-21 00:30:22,2,88,72
2025-01-21 00:30:23,8,91,309
2025-01-21 00:30:23,28,70,305
2025-01-21 00:30:24,11,14,240
2025-01-21 00:30:24,8,43,394
2025-01-21 00:30:25,15,98,306
2025-01-21 00:30:25,11,2,152
2025-01-21 00:30:26,14,24,341
2025-01-21 00:30:26,29,61,371
2025-01-21 00:30:27,14,83,217
2025-01-21 00:30:27,23,8,335
2025-01-21 00:30:28,10,39,422
2025-01-21 00:30:28,19,96,155
2025-01-21 00:30:29,3,79,296
2025-01-21 00:30:29,6,9,266
2025-01-21 00:30:30,27,13,390
2025-01-21 00:30:30,12,97,234
2025-01-21 00:30:31,16,14,234
2025-01-21 00:30:31,16,49,26
2025-01-21 00:30:32,19,75,60
2025-01-21 00:30:32,8,85,364
2025-01-21 00:30:33,2,61,102
2025-01-21 00:30:33,0,52,115
2025-01-21 00:30:34,27,13,113
2025-01-21 00:30:34,18,86,407
2025-01-21 00:30:35,16,69,491
2025-01-21 00:30:35,32,77,50
2025-01-21 00:30:36,32,53,429
2025-01-21 00:30:36,10,27,10
2025-01-21 00:30:37,31,13,459
2025-01-21 00:30:37,7,39,322
2025-01-21 00:30:38,18,19,347
2025-01-21 00:30:38,8,35,410
2025-01-21 00:30:39,22,46,165
2025-01-21 00:30:40,8,52,203
2025-01-21 00:30:40,12,75,219
2025-01-21 00:30:41,19,100,193
2025-01-21 00:30:41,14,68,323
2025-01-21 00:30:42,23,78,343
2025-01-21 00:30:42,27,57,190
2025-01-21 00:30:43,21,66,192
2025-01-21 00:30:43,14,58,145
2025-01-21 00:30:44,7,96,500
2025-01-21 00:30:44,10,62,23
2025-01-21 00:30:45,7,86,64
2025-01-21 00:30:45,14,65,384
2025-01-21 00:30:46,19,56,271
2025-01-21 00:30:46,18,70,114
2025-01-21 00:30:47,11,96,118
2025-01-21 00:30:47,8,64,244
2025-01-21 00:30:48,20,45,198
2025-01-21 00:30:48,5,10,440
2025-01-21 00:30:49,32,85,388
2025-01-21 00:30:49,9,27,339
2025-01-21 00:30:50,20,11,156
2025-01-21 00:30:50,17,3,477
2025-01-21 00:30:51,12,30,49
2025-01-21 00:30:51,2,67,187
2025-01-21 00:30:52,31,78,126
2025-01-21 00:30:52,8,44,362
2025-01-21 00:30:53,13,19,10
2025-01-21 00:30:53,28,10,469
2025-01-21 00:30:54,29,24,43
2025-01-21 00:30:54,23,49,245
2025-01-21 00:30:55,27,77,140
2025-01-21 00:30:55,24,95,451
2025-01-21 00:30:56,23,90,314
2025-01-21 00:30:56,6,49,465
2025-01-21 00:30:57,6,73,295
2025-01-21 00:30:57,28,11,48
2025-01-21 00:30:58,5,39,79
2025-01-21 00:30:58,16,80,105
2025-01-21 00:30:59,9,97,228
2025-01-21 00:30:59,19,84,216
2025-01-21 00:31:00,0,56,141
2025-01-21 00:31:00,19,78,213
2025-01-21 00:31:01,11,71,71
2025-01-21 00:31:01,26,80,498
2025-01-21 00:31:02,15,14,484
2025-01-21 00:31:02,4,66,442
2025-01-21 00:31:03,2,53,83
2025-01-21 00:31:03,20,58,308
2025-01-21 00:31:04,9,72,237
2025-01-21 00:31:04,7,13,480
2025-01-21 00:31:05,9,38,22
2025-01-21 00:31:05,0,71,247
2025-01-21 00:31:06,32,81,264
2025-01-21 00:31:06,18,90,500
2025-01-21 00:31:07,29,50,132
2025-01-21 00:31:07,28,27,209
2025-01-21 00:31:08,22,83,220
2025-01-21 00:31:08,7,50,36
2025-01-21 00:31:09,4,46,308
2025-01-21 00:31:09,5,70,319
2025-01-21 00:31:10,23,37,440
2025-01-21 00:31:10,32,3,325
2025-01-21 00:31:11,8,57,250
2025-01-21 00:31:11,12,80,194
2025-01-21 00:31:12,32,31,213
2025-01-21 00:31:12,1,7,161
2025-01-21 00:31:13,22,69,305
2025-01-21 00:31:13,13,3,473
2025-01-21 00:31:14,5,62,440
2025-01-21 00:31:14,29,51,437
2025-01-21 00:31:15,28,34,453
2025-01-21 00:31:15,1,77,359
2025-01-21 00:31:16,7,34,87
2025-01-21 00:31:16,13,29,140
2025-01-21 00:31:17,12,37,446
2025-01-21 00:31:17,24,4,366
2025-01-21 00:31:18,7,45,291
2025-01-21 00:31:18,25,100,322
2025-01-21 00:31:19,26,9,53
2025-01-21 00:31:19,22,70,244
2025-01-21 00:31:20,21,43,10
2025-01-21 00:31:20,11,36,246
2025-01-21 00:31:21,25,57,189
2025-01-21 00:31:21,0,34,138
2025-01-21 00:31:22,33,1,81
2025-01-21 00:31:22,4,94,288
2025-01-21 00:31:23,23,18,33
2025-01-21 00:31:23,30,77,191
2025-01-21 00:31:24,9,94,194
2025-01-21 00:31:24,27,56,390
2025-01-21 00:31:25,22,61,273
2025-01-21 00:31:25,4,94,98
2025-01-21 00:31:26,0,62,180
2025-01-21 00:31:26,9,91,196
2025-01-21 00:31:27,11,20,86
2025-01-21 00:31:27,24,17,176
2025-01-21 00:31:28,0,8,255
2025-01-21 00:31:28,21,83,64
2025-01-21 00:31:29,19,1,477
2025-01-21 00:31:29,8,57,380
2025-01-21 00:31:30,28,77,301
2025-01-21 00:31:30,27,75,174
2025-01-21 00:31:31,14,98,128
2025-01-21 00:31:31,12,86,35
2025-01-21 00:31:32,25,99,122
2025-01-21 00:31:32,5,15,436
2025-01-21 00:31:33,7,1,394
2025-01-21 00:31:33,11,68,162
2025-01-21 00:31:34,3,72,208
2025-01-21 00:31:34,28,28,178
2025-01-21 00:31:35,19,48,391
2025-01-21 00:31:35,18,52,242
2025-01-21 00:31:36,29,63,83
2025-01-21 00:31:36,20,8,361
2025-01-21 00:31:37,13,51,259
2025-01-21 00:31:37,26,78,167
2025-01-21 00:31:38,2,64,37
2025-01-21 00:31:38,25,7,376
2025-01-21 00:31:39,7,97,77
2025-01-21 00:31:39,16,83,252
2025-01-21 00:31:40,20,73,352
2025-01-21 00:31:40,18,97,341
2025-01-21 00:31:41,5,95,327
2025-01-21 00:31:41,27,71,195
2025-01-21 00:31:42,3,70,84
2025-01-21 00:31:42,28,100,392
2025-01-21 00:31:43,28,88,139
2025-01-21 00:31:43,13,48,154
2025-01-21 00:31:44,14,3,175
2025-01-21 00:31:44,21,82,181
2025-01-21 00:31:45,32,28,266
2025-01-21 00:31:45,10,4,244
2025-01-21 00:31:46,31,59,489
2025-01-21 00:31:46,15,29,250
2025-01-21 00:31:47,21,63,482
2025-01-21 00:31:47,33,20,139
2025-01-21 00:31:48,19,87,196
2025-01-21 00:31:48,19,22,267
2025-01-21 00:31:49,5,38,349
2025-01-21 00:31:49,21,73,316
2025-01-21 00:31:50,23,98,1
2025-01-21 00:31:50,8,47,329
2025-01-21 00:31:51,18,34,360
2025-01-21 00:31:51,33,75,198
2025-01-21 00:31:52,25,8,159
2025-01-21 00:31:52,23,28,416
2025-01-21 00:31:53,30,52,73
2025-01-21 00:31:53,26,43,157
2025-01-21 00:31:54,11,31,84
2025-01-21 00:31:54,22,89,230
2025-01-21 00:31:55,30,11,122
2025-01-21 00:31:55,14,95,9
2025-01-21 00:31:56,27,90,422
2025-01-21 00:31:56,0,21,410
2025-01-21 00:31:57,3,23,336
2025-01-21 00:31:57,1,12,435
2025-01-21 00:31:58,2,40,128
2025-01-21 00:31:58,8,57,305
2025-01-21 00:31:59,32,28,71
2025-01-21 00:31:59,22,44,274
2025-01-21 00:32:00,7,93,201
2025-01-21 00:32:00,0,52,444
2025-01-21 00:32:01,3,60,131
2025-01-21 00:32:01,25,62,210
2025-01-21 00:32:02,12,40,404
2025-01-21 00:32:02,33,41,105
2025-01-21 00:32:03,29,65,265
2025-01-21 00:32:03,33,25,497
2025-01-21 00:32:04,20,75,298
2025-01-21 00:32:04,1,88,461
2025-01-21 00:32:05,20,82,26
2025-01-21 00:32:05,15,40,297
2025-01-21 00:32:06,13,98,440
2025-01-21 00:32:06,12,10,497
2025-01-21 00:32:07,1,52,5
2025-01-21 00:32:07,15,65,416
2025-01-21 00:32:08,5,17,5
2025-01-21 00:32:08,2,70,401
2025-01-21 00:32:09,8,42,287
2025-01-21 00:32:09,20,93,140
2025-01-21 00:32:10,12,98,139
2025-01-21 00:32:10,27,23,198
2025-01-21 00:32:11,29,26,296
2025-01-21 00:32:11,29,24,245
2025-01-21 00:32:12,25,50,500
2025-01-21 00:32:12,24,18,19
2025-01-21 00:32:13,9,87,338
2025-01-21 00:32:13,5,17,192
2025-01-21 00:32:14,32,77,206
2025-01-21 00:32:14,7,60,374
2025-01-21 00:32:15,29,94,17
2025-01-21 00:32:15,9,15,257
2025-01-21 00:32:16,8,88,490
2025-01-21 00:32:16,27,33,378
2025-01-21 00:32:17,20,60,139
2025-01-21 00:32:17,9,69,425
2025-01-21 00:32:18,16,74,155
2025-01-21 00:32:18,17,10,108
2025-01-21 00:32:19,8,99,430
2025-01-21 00:32:19,15,4,201
2025-01-21 00:32:20,3,5,284
2025-01-21 00:32:20,11,45,441
2025-01-21 00:32:21,28,22,220
2025-01-21 00:32:21,22,48,389
2025-01-21 00:32:22,32,63,102
2025-01-21 00:32:22,16,57,256
2025-01-21 00:32:23,25,80,103
2025-01-21 00:32:23,12,35,22
2025-01-21 00:32:24,21,6,229
2025-01-21 00:32:24,5,21,225
2025-01-21 00:32:25,16,24,398
2025-01-21 00:35:10,23,29,130
2025-01-21 00:35:11,1,58,352
2025-01-21 00:35:12,14,64,64
2025-01-21 00:35:13,32,3,102
2025-01-21 00:35:14,30,99,88
2025-01-21 00:35:15,28,40,124
2025-01-21 00:35:16,10,95,81
2025-01-21 00:35:17,21,78,432
2025-01-21 00:35:18,0,94,6
2025-01-21 00:35:19,17,96,353
2025-01-21 00:35:20,23,77,368
2025-01-21 00:35:21,7,64,343
2025-01-21 00:35:22,21,18,416
2025-01-21 00:35:23,8,43,334
2025-01-21 00:35:24,20,9,480
2025-01-21 00:35:25,23,97,464
2025-01-21 00:35:26,22,40,332
2025-01-21 00:35:27,22,9,401
2025-01-21 00:35:28,2,96,347
2025-01-21 00:35:29,3,25,458
2025-01-21 00:35:30,23,82,57
2025-01-21 00:35:32,25,93,234
2025-01-21 00:35:33,11,41,88
2025-01-21 00:35:34,30,26,58
2025-01-21 00:35:35,22,13,370
2025-01-21 00:35:36,27,18,154
2025-01-21 00:35:37,3,58,385
2025-01-21 00:35:38,27,26,197
2025-01-21 00:35:39,15,17,341
2025-01-21 00:35:40,20,4,31
2025-01-21 00:35:41,0,8,488
2025-01-21 00:35:42,28,80,176
2025-01-21 00:35:43,10,97,115
2025-01-21 00:35:44,17,70,114
2025-01-21 00:35:45,6,48,118
2025-01-21 00:35:46,10,88,58
2025-01-21 00:35:47,15,19,499
2025-01-21 00:35:48,0,95,255
2025-01-21 00:35:49,25,72,373
2025-01-21 00:35:50,12,39,288
2025-01-21 00:35:51,10,89,308
2025-01-21 00:35:52,30,94,490
2025-01-21 00:35:53,27,40,228
2025-01-21 00:35:54,14,67,95
2025-01-21 00:35:55,12,91,102
2025-01-21 00:35:56,15,54,193
2025-01-21 00:35:57,15,86,47
2025-01-21 00:35:58,8,38,38
2025-01-21 00:35:59,24,62,483
2025-01-21 00:36:00,31,53,318
2025-01-21 00:36:01,24,38,22
2025-01-21 00:36:02,2,21,222
2025-01-21 00:36:03,1,35,80
2025-01-21 00:36:04,31,8,437
2025-01-21 00:36:05,2,80,263
2025-01-21 00:36:06,25,44,96
2025-01-21 00:36:07,11,54,106
2025-01-21 00:36:08,29,3,117
2025-01-21 00:36:09,18,91,365
2025-01-21 00:36:10,0,60,255
2025-01-21 00:36:11,1,6,270
2025-01-21 00:36:12,13,8,355
2025-01-21 00:56:30,30,39,37
2025-01-21 00:56:31,9,9,301
2025-01-21 00:56:32,16,87,302
2025-01-21 00:56:33,28,60,390
2025-01-21 00:56:34,30,55,354
2025-01-21 00:56:35,1,77,435
2025-01-21 00:56:36,26,92,468
2025-01-21 00:56:37,20,79,82
2025-01-21 00:56:38,12,100,314
2025-01-21 00:56:39,22,83,164
2025-01-21 00:56:40,23,23,351
2025-01-21 00:56:41,11,34,291
2025-01-21 00:56:42,26,16,110
2025-01-21 00:56:43,3,47,59
2025-01-21 00:56:44,17,40,491
2025-01-21 00:56:45,19,4,124
2025-01-21 00:56:46,21,93,476
2025-01-21 00:56:47,27,11,498
2025-01-21 00:56:48,16,45,29
2025-01-21 00:56:49,2,9,44
2025-01-21 00:56:50,24,50,292
2025-01-21 00:56:51,12,68,383
2025-01-21 00:56:52,1,98,121
2025-01-21 00:56:53,0,82,24
2025-01-21 00:56:54,18,52,218
2025-01-21 00:56:55,11,18,431
2025-01-21 00:56:56,14,94,54
2025-01-21 00:56:57,19,6,354
2025-01-21 00:56:58,1,72,426
2025-01-21 00:56:59,8,17,164
2025-01-21 00:57:00,30,98,101
2025-01-21 00:57:01,13,91,499
2025-01-21 00:57:02,23,74,352
2025-01-21 00:57:03,16,60,328
2025-01-21 00:57:04,17,73,407
2025-01-21 00:57:05,3,82,1
2025-01-21 00:57:06,11,80,138
2025-01-21 00:57:07,27,44,279
2025-01-21 00:57:08,19,21,363
2025-01-21 00:57:09,30,11,452
2025-01-21 00:57:11,33,32,214
2025-01-21 00:57:12,27,27,367
2025-01-21 00:57:13,9,88,73
2025-01-21 00:57:14,18,7,423
2025-01-21 00:57:15,14,45,28
2025-01-21 00:57:16,27,83,452
2025-01-21 00:57:17,4,67,58
2025-01-21 00:57:18,32,71,36
2025-01-21 00:57:19,19,58,276
2025-01-21 00:57:20,12,94,212
